S.No.,filename,Length (cm),Original Length,ratio
0,DSC04382.JPG,21.80166664,5.25,4.152698408
1,DSC04384.JPG,22.27791664,5.25,4.243412693
2,DSC04385.JPG,23.86541664,5.88,4.058744327
3,DSC04386.JPG,22.6483333,5.88,3.851757364
4,DSC04387.JPG,21.82812497,4.99,4.374373741
5,DSC04388.JPG,20.90208331,4.99,4.188794251
6,DSC04389.JPG,21.37833331,4.91,4.354039371
7,DSC04390.JPG,21.24604164,4.91,4.327096057
8,DSC04391.JPG,23.62729164,5.18,4.561253212
9,DSC04392.JPG,21.93395831,5.18,4.234354886
10,DSC04393.JPG,20.90208331,5.08,4.114583329
11,DSC04394.JPG,20.90208331,5.08,4.114583329
12,DSC04395.JPG,20.92854164,4.79,4.369215374
13,DSC04396.JPG,20.47874997,4.79,4.275313146
14,DSC04397.JPG,20.92854164,5.45,3.840099383
15,DSC04398.JPG,21.82812497,5.45,4.005160545
16,DSC04399.JPG,21.61645831,5.3,4.07857704
17,DSC04400.JPG,22.06624997,5.3,4.163443391
18,DSC04401.JPG,22.70124997,5.38,4.219563191
19,DSC04402.JPG,21.80166664,5.38,4.052354394
20,DSC04403.JPG,23.17749997,5.31,4.364877584
21,DSC04404.JPG,22.48958331,5.31,4.235326424
22,DSC04405.JPG,21.80166664,5.38,4.052354394
23,DSC04406.JPG,22.62187497,5.38,4.204809474
24,DSC04407.JPG,22.70124997,5.15,4.408009703
25,DSC04408.JPG,21.37833331,5.15,4.151132682
26,DSC04409.JPG,21.82812497,5.41,4.034773562
27,DSC04410.JPG,22.7277083,5.41,4.201055139
28,DSC04411.JPG,22.17208331,5.41,4.098351813
29,DSC04412.JPG,23.15104164,5.41,4.279305294
30,DSC04413.JPG,21.80166664,5.22,4.17656449
31,DSC04414.JPG,21.35187497,5.22,4.090397504
32,DSC04415.JPG,20.92854164,4.91,4.262432106
33,DSC04416.JPG,20.90208331,4.91,4.257043444
34,DSC04417.JPG,25.4264583,5.85,4.346403128
35,DSC04418.JPG,25.00312497,5.85,4.274038456
36,DSC04419.JPG,21.85458331,5.18,4.219031527
37,DSC04420.JPG,22.27791664,5.18,4.300756108
38,DSC04421.JPG,22.93937497,5.42,4.232357006
39,DSC04422.JPG,24.42104164,5.42,4.50572724
40,DSC04423.JPG,20.45229164,4.88,4.191043369
41,DSC04424.JPG,20.34645831,4.88,4.169356211
42,DSC04425.JPG,21.35187497,5.09,4.194867381
43,DSC04426.JPG,20.92854164,5.09,4.111697768
44,DSC04427.JPG,22.27791664,4.91,4.537253898
45,DSC04428.JPG,22.27791664,4.91,4.537253898
46,DSC04429.JPG,21.69583331,5.2,4.172275637
47,DSC04430.JPG,20.82270831,5.2,4.004366983
48,DSC04431.JPG,19.57916664,4.8,4.07899305
49,DSC04432.JPG,20.02895831,4.8,4.172699648
50,DSC04433.JPG,22.70124997,5.7,3.982675433
51,DSC04434.JPG,23.41562497,5.7,4.108004381
52,DSC04435.JPG,23.62729164,5.48,4.311549569
53,DSC04436.JPG,23.2039583,5.48,4.23429896
54,DSC04437.JPG,21.35187497,5.51,3.875113425
55,DSC04438.JPG,21.80166664,5.51,3.956745307
56,DSC04439.JPG,20.92854164,4.79,4.369215374
57,DSC04440.JPG,20.00249997,4.79,4.175887259
58,DSC04441.JPG,21.37833331,5.48,3.901155714
59,DSC04442.JPG,22.33083331,5.48,4.074969582
60,DSC04443.JPG,21.82812497,5.21,4.189659303
61,DSC04444.JPG,23.62729164,5.21,4.534988798
62,DSC04445.JPG,20.45229164,4.78,4.2787221
63,DSC04446.JPG,21.37833331,4.78,4.472454667
64,DSC04447.JPG,19.97604164,5.18,3.856378695
65,DSC04448.JPG,19.10291664,5.18,3.687821745
66,DSC04449.JPG,20.45229164,4.69,4.360829774
67,DSC04450.JPG,21.37833331,4.69,4.558280023
68,DSC04451.JPG,22.70124997,5.21,4.357245676
69,DSC04452.JPG,21.77520831,5.21,4.179502555
70,DSC04453.JPG,23.57437497,5.31,4.439618638
71,DSC04454.JPG,22.67479164,5.31,4.270205582
72,DSC04455.JPG,19.87020831,4.68,4.245771006
73,DSC04456.JPG,20.92854164,4.68,4.471910607
74,DSC04457.JPG,21.35187497,5.02,4.253361548
75,DSC04458.JPG,22.38374997,5.02,4.458914337
76,DSC04459.JPG,24.52687497,5.11,4.799779838
77,DSC04460.JPG,22.17208331,5.11,4.338959552
78,DSC04461.JPG,21.35187497,5.02,4.253361548
79,DSC04462.JPG,22.7277083,5.02,4.527431932
80,DSC04463.JPG,20.02895831,5.1,3.927246727
81,DSC04464.JPG,21.37833331,5.1,4.191830061
82,DSC04465.JPG,21.85458331,5.11,4.276826479
83,DSC04466.JPG,22.59541664,5.11,4.421803648
84,DSC04467.JPG,22.03979164,5.38,4.096615546
85,DSC04468.JPG,22.25145831,5.38,4.135958794
86,DSC04469.JPG,20.31999997,5.2,3.907692302
87,DSC04470.JPG,21.35187497,5.2,4.106129802
88,DSC04471.JPG,21.35187497,4.71,4.533306788
89,DSC04472.JPG,20.90208331,4.71,4.43780962
90,DSC04473.JPG,22.48958331,5.3,4.243317606
91,DSC04474.JPG,24.5533333,5.3,4.632704396
92,DSC04475.JPG,19.10291664,4.71,4.055820943
93,DSC04476.JPG,19.55270831,4.71,4.151318113
94,DSC04477.JPG,20.82270831,5.43,3.834752912
95,DSC04478.JPG,22.7277083,5.43,4.185581639
96,DSC04479.JPG,21.35187497,4.9,4.357525504
97,DSC04480.JPG,20.82270831,4.9,4.249532308
98,DSC04481.JPG,23.17749997,5.5,4.214090904
99,DSC04482.JPG,21.96041664,5.5,3.992803025
100,DSC04483.JPG,20.90208331,5.21,4.011916182
101,DSC04484.JPG,20.92854164,5.21,4.016994557
102,DSC04485.JPG,23.2039583,5.61,4.13617795
103,DSC04486.JPG,23.17749997,5.61,4.13146167
104,DSC04487.JPG,21.35187497,5.24,4.0747853
105,DSC04488.JPG,21.37833331,5.24,4.079834601
106,DSC04490.JPG,20.90208331,5,4.180416662
107,DSC04491.JPG,20.92854164,5,4.185708328
108,DSC04492.JPG,21.14020831,5.38,3.929406749
109,DSC04493.JPG,21.82812497,5.38,4.057272299
110,DSC04494.JPG,20.34645831,4.8,4.238845481
111,DSC04495.JPG,20.90208331,4.8,4.35460069
112,DSC04496.JPG,23.17749997,5.29,4.381379957
113,DSC04497.JPG,22.27791664,5.29,4.211326397
114,DSC04498.JPG,22.62187497,5.15,4.392597082
115,DSC04499.JPG,21.82812497,5.15,4.238470868
116,DSC04500.JPG,21.35187497,4.75,4.495131573
117,DSC04501.JPG,21.82812497,4.75,4.595394731
118,DSC04502.JPG,20.66395831,4.84,4.269412874
119,DSC04503.JPG,20.63749997,4.84,4.263946275
120,DSC04504.JPG,22.70124997,5.44,4.173023892
121,DSC04505.JPG,22.7277083,5.44,4.177887555
122,DSC04506.JPG,20.95499997,5.19,4.037572249
123,DSC04507.JPG,21.80166664,5.19,4.200706482
124,DSC04508.JPG,22.70124997,4.99,4.549348691
125,DSC04509.JPG,21.80166664,4.99,4.369071471
126,DSC04510.JPG,21.82812497,5.02,4.348232066
127,DSC04511.JPG,21.82812497,5.02,4.348232066
128,DSC04512.JPG,20.92854164,5.39,3.882846315
129,DSC04513.JPG,21.82812497,5.39,4.049744892
130,DSC04514.JPG,24.9502083,5.49,4.544664536
131,DSC04515.JPG,24.10354164,5.49,4.390444743
132,DSC04516.JPG,23.17749997,5.11,4.53571428
133,DSC04517.JPG,22.27791664,5.11,4.359670575
134,DSC04518.JPG,20.00249997,4.82,4.149896259
135,DSC04519.JPG,19.52624998,4.82,4.051089207
136,DSC04520.JPG,24.05062497,5.41,4.445586871
137,DSC04521.JPG,23.38916664,5.41,4.323321006
138,DSC04522.JPG,19.65854164,5.18,3.795085259
139,DSC04523.JPG,20.82270831,5.18,4.019827859
140,DSC04524.JPG,20.45229164,5,4.090458328
141,DSC04525.JPG,20.47874997,5,4.095749994
142,DSC04526.JPG,22.7277083,5.6,4.058519339
143,DSC04527.JPG,22.62187497,5.6,4.03962053
144,DSC04528.JPG,20.82270831,5.21,3.996681058
145,DSC04529.JPG,20.90208331,5.21,4.011916182
146,DSC04530.JPG,22.03979164,5.31,4.150619895
147,DSC04531.JPG,22.7277083,5.31,4.280171055
148,DSC04533.JPG,21.82812497,4.81,4.538071719
149,DSC04534.JPG,21.24604164,4.81,4.417056474
150,DSC04535.JPG,21.80166664,4.85,4.495188998
151,DSC04536.JPG,22.27791664,4.85,4.593384874
152,DSC04537.JPG,23.62729164,5.31,4.449584113
153,DSC04538.JPG,24.52687497,5.31,4.618997169
154,DSC04539.JPG,20.00249997,5.7,3.509210521
155,DSC04540.JPG,20.00249997,5.7,3.509210521
156,DSC04541.JPG,19.07645831,5.1,3.740482022
157,DSC04542.JPG,19.12937498,5.1,3.750857839
158,DSC04543.JPG,21.82812497,4.41,4.949688202
159,DSC04544.JPG,21.58999997,4.41,4.895691603
160,DSC04545.JPG,22.03979164,5.25,4.19805555
161,DSC04546.JPG,19.44687498,5.25,3.704166663
162,DSC04547.JPG,22.70124997,5.21,4.357245676
163,DSC04548.JPG,22.17208331,5.21,4.255678179
164,DSC04549.JPG,19.55270831,4.95,3.950042083
165,DSC04550.JPG,19.02354164,4.95,3.843139725
166,DSC04551.JPG,20.82270831,4.51,4.617008494
167,DSC04552.JPG,20.92854164,4.51,4.640474865
168,DSC04554.JPG,22.25145831,5.22,4.262731477
169,DSC04555.JPG,22.62187497,5.22,4.333692523
170,DSC04556.JPG,23.17749997,5.45,4.252752288
171,DSC04557.JPG,23.17749997,5.45,4.252752288
172,DSC04558.JPG,21.14020831,5.38,3.929406749
173,DSC04559.JPG,20.79624997,5.38,3.865473972
174,DSC04560.JPG,21.80166664,5.8,3.758908041
175,DSC04561.JPG,22.27791664,5.8,3.84102011
176,DSC04562.JPG,22.70124997,4.8,4.729427077
177,DSC04563.JPG,21.61645831,4.8,4.503428815
178,DSC04564.JPG,22.27791664,5.31,4.195464527
179,DSC04565.JPG,21.82812497,5.31,4.110757998
180,DSC04566.JPG,19.55270831,5.11,3.826361705
181,DSC04567.JPG,19.55270831,5.11,3.826361705
182,DSC04568.JPG,21.37833331,5.3,4.033647794
183,DSC04569.JPG,21.37833331,5.3,4.033647794
184,DSC04570.JPG,19.34104164,4.99,3.875960248
185,DSC04571.JPG,19.44687498,4.99,3.897169335
186,DSC04572.JPG,20.50520831,5.3,3.868907228
187,DSC04573.JPG,19.55270831,5.3,3.689190247
188,DSC04574.JPG,23.2833333,4.8,4.850694438
189,DSC04575.JPG,22.8070833,4.8,4.751475688
190,DSC04576.JPG,21.35187497,4.9,4.357525504
191,DSC04577.JPG,20.90208331,4.9,4.265731288
192,DSC04578.JPG,18.65312498,5.88,3.172300167
193,DSC04579.JPG,19.10291664,5.88,3.248795347
194,DSC04580.JPG,22.27791664,5.35,4.164096568
195,DSC04581.JPG,22.14562497,5.35,4.139369153
196,DSC04582.JPG,23.17749997,4.49,5.162026719
197,DSC04584.JPG,22.93937497,4.49,5.108992198
198,DSC04585.JPG,21.82812497,5.45,4.005160545
199,DSC04586.JPG,21.82812497,5.45,4.005160545
200,DSC04587.JPG,20.02895831,5.6,3.576599698
201,DSC04588.JPG,20.45229164,5.6,3.652194936
202,DSC04589.JPG,19.57916664,5.2,3.765224354
203,DSC04590.JPG,20.95499997,5.2,4.029807687
204,DSC04591.JPG,20.47874997,4.8,4.266406244
205,DSC04592.JPG,20.92854164,4.8,4.360112842
206,DSC04593.JPG,19.57916664,4.92,3.979505415
207,DSC04594.JPG,20.37291664,4.92,4.140836715
208,DSC04595.JPG,21.37833331,5.01,4.267132397
209,DSC04596.JPG,21.35187497,5.01,4.261851291
210,DSC04597.JPG,22.19854164,5.18,4.285432749
211,DSC04598.JPG,21.37833331,5.18,4.127091373
212,DSC04599.JPG,21.35187497,5.41,3.946742139
213,DSC04600.JPG,21.24604164,5.41,3.927179601
214,DSC04601.JPG,21.80166664,5.6,3.893154757
215,DSC04602.JPG,20.69041664,5.6,3.694717257
216,DSC04603.JPG,21.82812497,5.11,4.271648722
217,DSC04604.JPG,23.0452083,5.11,4.509825499
218,DSC04605.JPG,20.47874997,5,4.095749994
219,DSC04606.JPG,20.00249997,5,4.000499994
220,DSC04607.JPG,20.90208331,5.43,3.849370775
221,DSC04608.JPG,21.35187497,5.43,3.932205335
222,DSC04609.JPG,20.90208331,4.6,4.543931154
223,DSC04610.JPG,20.90208331,4.6,4.543931154
224,DSC04611.JPG,20.45229164,5.09,4.018131953
225,DSC04612.JPG,21.35187497,5.09,4.194867381
226,DSC04613.JPG,21.80166664,4.86,4.485939638
227,DSC04614.JPG,22.75416664,4.86,4.681927292
228,DSC04615.JPG,20.34645831,5.15,3.950768604
229,DSC04616.JPG,20.90208331,5.15,4.058656953
230,DSC04617.JPG,21.93395831,5.05,4.343358081
231,DSC04618.JPG,21.69583331,5.05,4.296204616
232,DSC04619.JPG,21.82812497,5.06,4.31385869
233,DSC04620.JPG,22.03979164,5.06,4.355690047
234,DSC04621.JPG,21.82812497,5.21,4.189659303
235,DSC04622.JPG,20.90208331,5.21,4.011916182
236,DSC04623.JPG,22.7277083,5.31,4.280171055
237,DSC04624.JPG,20.92854164,5.31,3.941344942
238,DSC04627.JPG,23.0452083,5.41,4.259742754
239,DSC04628.JPG,22.59541664,5.41,4.176601967
240,DSC04629.JPG,21.61645831,5.08,4.255208329
241,DSC04630.JPG,22.62187497,5.08,4.453124994
242,DSC04631.JPG,20.45229164,5.31,3.851655676
243,DSC04632.JPG,20.00249997,5.31,3.766949147
244,DSC04633.JPG,19.76437498,5.38,3.673675647
245,DSC04634.JPG,20.47874997,5.38,3.806459102
246,DSC04635.JPG,20.34645831,5.28,3.853495892
247,DSC04636.JPG,20.45229164,5.28,3.873540083
248,DSC04637.JPG,21.37833331,4.76,4.491246494
249,DSC04638.JPG,21.85458331,4.76,4.591299015
250,DSC04640.JPG,20.58458331,4.9,4.200935369
251,DSC04641.JPG,20.45229164,4.9,4.173937069
252,DSC04642.JPG,21.35187497,5.4,3.95405092
253,DSC04643.JPG,21.85458331,5.4,4.047145057
254,DSC04644.JPG,22.27791664,5.2,4.284214738
255,DSC04645.JPG,20.79624997,5.2,3.99927884
256,DSC04646.JPG,20.69041664,5.15,4.017556629
257,DSC04647.JPG,21.35187497,5.15,4.14599514
258,DSC04648.JPG,20.24062497,5.38,3.76219795
259,DSC04649.JPG,20.47874997,5.38,3.806459102
260,DSC04650.JPG,22.25145831,5.38,4.135958794
261,DSC04651.JPG,22.70124997,5.38,4.219563191
262,DSC04652.JPG,20.34645831,4.85,4.195146043
263,DSC04653.JPG,20.37291664,4.85,4.200601369
264,DSC04654.JPG,21.56354164,5.1,4.22814542
265,DSC04655.JPG,22.27791664,5.1,4.368218949
266,DSC04656.JPG,21.69583331,4.86,4.464163233
267,DSC04657.JPG,21.35187497,4.86,4.393389912
268,DSC04658.JPG,22.30437497,4.69,4.755730271
269,DSC04659.JPG,21.56354164,4.69,4.597770072
270,DSC04660.JPG,23.17749997,5.12,4.526855463
271,DSC04661.JPG,23.1245833,5.12,4.516520176
272,DSC04662.JPG,22.25145831,5.4,4.120640428
273,DSC04663.JPG,21.82812497,5.4,4.042245365
274,DSC04664.JPG,21.82812497,5.25,4.15773809
275,DSC04665.JPG,21.93395831,5.25,4.177896821
276,DSC04666.JPG,21.37833331,5.4,3.958950613
277,DSC04667.JPG,21.82812497,5.4,4.042245365
278,DSC04668.JPG,21.82812497,5.36,4.072411375
279,DSC04669.JPG,21.85458331,5.36,4.077347632
280,DSC04670.JPG,21.35187497,5.21,4.098248555
281,DSC04671.JPG,20.47874997,5.21,3.930662182
282,DSC04672.JPG,24.05062497,5.05,4.762499994
283,DSC04673.JPG,22.7277083,5.05,4.500536297
284,DSC04674.JPG,22.27791664,4.82,4.621974407
285,DSC04675.JPG,23.15104164,4.82,4.803120672
286,DSC04676.JPG,23.15104164,4.8,4.823133675
287,DSC04677.JPG,22.67479164,4.8,4.723914925
288,DSC04678.JPG,21.37833331,5.91,3.617315281
289,DSC04679.JPG,22.27791664,5.91,3.769529042
290,DSC04680.JPG,21.82812497,5.75,3.796195647
291,DSC04681.JPG,22.25145831,5.75,3.869818837
292,DSC04682.JPG,20.47874997,5.57,3.676615794
293,DSC04683.JPG,19.55270831,5.57,3.510360558
294,DSC04684.JPG,23.15104164,5.1,4.539419929
295,DSC04685.JPG,24.05062497,5.1,4.715808818
296,DSC04686.JPG,21.80166664,3.75,5.813777771
297,DSC04687.JPG,21.40479164,3.75,5.707944437
298,DSC04688.JPG,21.48416664,5.14,4.179798957
299,DSC04689.JPG,20.79624997,5.14,4.045963029
300,DSC04690.JPG,21.82812497,5.31,4.110757998
301,DSC04691.JPG,22.7277083,5.31,4.280171055
302,DSC04693.JPG,21.37833331,5,4.275666662
303,DSC04694.JPG,21.80166664,5,4.360333328
304,DSC04695.JPG,24.28874997,5.23,4.644120453
305,DSC04696.JPG,24.84437497,5.23,4.750358503
306,DSC04697.JPG,20.45229164,5.31,3.851655676
307,DSC04698.JPG,20.90208331,5.31,3.936362205
308,DSC04699.JPG,20.45229164,4.95,4.131776089
309,DSC04700.JPG,20.34645831,4.95,4.110395618
310,DSC04701.JPG,21.35187497,5.21,4.098248555
311,DSC04702.JPG,22.27791664,5.21,4.275991678
312,DSC04703.JPG,20.00249997,4.91,4.073828914
313,DSC04704.JPG,20.90208331,4.91,4.257043444
314,DSC04705.JPG,20.92854164,4.75,4.406008766
315,DSC04706.JPG,20.79624997,4.75,4.378157888
316,DSC04707.JPG,22.25145831,4.95,4.495244103
317,DSC04708.JPG,22.22499997,4.95,4.489898984
318,DSC04709.JPG,22.6483333,4.52,5.010693208
319,DSC04710.JPG,22.59541664,4.52,4.998985982
320,DSC04711.JPG,22.27791664,5,4.455583328
321,DSC04712.JPG,23.6008333,5,4.72016666
322,DSC04713.JPG,20.47874997,5.88,3.482780607
323,DSC04714.JPG,20.00249997,5.88,3.401785709
324,DSC04725.JPG,21.37833331,5.3,4.033647794
325,DSC04726.JPG,20.45229164,5.3,3.858922951
326,DSC04727.JPG,20.47874997,5.58,3.670026876
327,DSC04728.JPG,21.82812497,5.58,3.911850353
328,DSC04729.JPG,21.80166664,4.79,4.551496167
329,DSC04730.JPG,21.80166664,4.79,4.551496167
330,DSC04731.JPG,23.17749997,5.25,4.414761899
331,DSC04732.JPG,23.65374997,5.25,4.505476185
332,DSC04733.JPG,21.37833331,5.28,4.048926763
333,DSC04734.JPG,21.82812497,5.28,4.134114578
334,DSC04735.JPG,21.80166664,4.84,4.504476579
335,DSC04736.JPG,22.27791664,4.84,4.602875339
336,DSC04737.JPG,20.45229164,5.4,3.787461415
337,DSC04738.JPG,21.40479164,5.4,3.963850304
338,DSC04739.JPG,21.32541664,5.41,3.941851505
339,DSC04740.JPG,21.82812497,5.41,4.034773562
340,DSC04745.JPG,21.24604164,5.28,4.023871523
341,DSC04746.JPG,21.58999997,5.28,4.089015146
342,DSC04747.JPG,19.87020831,5.32,3.735001562
343,DSC04748.JPG,20.47874997,5.32,3.849389092
344,DSC04749.JPG,22.27791664,5.24,4.251510809
345,DSC04750.JPG,22.75416664,5.24,4.342398214
346,DSC04751.JPG,23.41562497,5.14,4.55556906
347,DSC04752.JPG,25.24124997,5.14,4.910749021
348,DSC04753.JPG,23.62729164,5.31,4.449584113
349,DSC04754.JPG,22.27791664,5.31,4.195464527
350,DSC04755.JPG,23.2039583,4.95,4.687668343
351,DSC04756.JPG,22.6483333,4.95,4.575420869
352,DSC04757.JPG,22.30437497,5.3,4.208372636
353,DSC04758.JPG,21.80166664,5.3,4.113522008
354,DSC04759.JPG,20.47874997,5.6,3.656919638
355,DSC04760.JPG,20.02895831,5.6,3.576599698
356,DSC04761.JPG,21.80166664,5.4,4.037345674
357,DSC04762.JPG,23.2039583,5.4,4.297029315
358,DSC04763.JPG,23.3627083,5.21,4.484205048
359,DSC04764.JPG,24.81791664,5.21,4.76351567
360,DSC04765.JPG,20.90208331,4.98,4.197205484
361,DSC04766.JPG,20.45229164,4.98,4.106885871
362,DSC04767.JPG,22.14562497,5.4,4.101041661
363,DSC04768.JPG,21.14020831,5.4,3.914853391
364,DSC04769.JPG,21.82812497,5.52,3.954370466
365,DSC04770.JPG,22.27791664,5.52,4.035854464
366,DSC04771.JPG,23.2833333,5.14,4.529831381
367,DSC04772.JPG,23.23041664,5.14,4.519536311
368,DSC04773.JPG,21.37833331,4.88,4.380806006
369,DSC04774.JPG,20.90208331,4.88,4.283213793
370,DSC04775.JPG,22.27791664,5.21,4.275991678
371,DSC04776.JPG,22.27791664,5.21,4.275991678
372,DSC04777.JPG,20.92854164,5.61,3.730577832
373,DSC04778.JPG,21.82812497,5.61,3.890931367
374,DSC04779.JPG,19.92312497,5.35,3.723948593
375,DSC04780.JPG,19.55270831,5.35,3.654711834
376,DSC04781.JPG,21.37833331,5.46,3.915445661
377,DSC04782.JPG,21.40479164,5.46,3.920291509
378,DSC04783.JPG,22.27791664,5.49,4.057908313
379,DSC04784.JPG,22.30437497,5.49,4.062727681
380,DSC04785.JPG,19.10291664,4.77,4.004804327
381,DSC04786.JPG,19.10291664,4.77,4.004804327
382,DSC04787.JPG,20.92854164,5.22,4.009299165
383,DSC04788.JPG,21.03437497,5.22,4.029573749
384,DSC04789.JPG,24.57979164,5.5,4.469053025
385,DSC04790.JPG,22.17208331,5.5,4.031287875
386,DSC04792.JPG,20.47874997,4.72,4.338718214
387,DSC04793.JPG,20.00249997,4.72,4.23781779
388,DSC04794.JPG,20.02895831,5.28,3.793363316
389,DSC04795.JPG,20.00249997,5.28,3.788352267
390,DSC04796.JPG,20.50520831,5.83,3.517188389
391,DSC04797.JPG,20.45229164,5.83,3.508111774
392,DSC04798.JPG,20.90208331,5,4.180416662
393,DSC04799.JPG,20.45229164,5,4.090458328
394,DSC04800.JPG,19.12937498,5.1,3.750857839
395,DSC04801.JPG,19.10291664,5.1,3.745669929
396,DSC04802.JPG,20.45229164,4.88,4.191043369
397,DSC04803.JPG,20.92854164,4.88,4.288635582
398,DSC04804.JPG,21.82812497,5.22,4.181633136
399,DSC04805.JPG,22.27791664,5.22,4.267800123
400,DSC04806.JPG,21.40479164,5.31,4.031034207
401,DSC04807.JPG,21.40479164,5.31,4.031034207
402,DSC04808.JPG,22.93937497,4.84,4.739540283
403,DSC04809.JPG,23.17749997,4.84,4.788739663
404,DSC04810.JPG,21.82812497,4.91,4.445646633
405,DSC04811.JPG,22.25145831,4.91,4.531865236
406,DSC04812.JPG,23.15104164,5.3,4.368121064
407,DSC04813.JPG,23.17749997,5.3,4.373113202
408,DSC04814.JPG,21.80166664,5.38,4.052354394
409,DSC04815.JPG,21.82812497,5.38,4.057272299
410,DSC04816.JPG,19.57916664,5.36,3.652829597
411,DSC04817.JPG,20.92854164,5.36,3.904578664
412,DSC04818.JPG,18.97062498,5.39,3.519596471
413,DSC04819.JPG,19.12937498,5.39,3.549049161
414,DSC04820.JPG,21.11374997,5.39,3.917207787
415,DSC04821.JPG,21.82812497,5.39,4.049744892
416,DSC04822.JPG,20.47874997,5.25,3.90071428
417,DSC04823.JPG,20.45229164,5.25,3.895674598
418,DSC04824.JPG,21.40479164,4.89,4.377258004
419,DSC04825.JPG,20.47874997,4.89,4.187883429
420,DSC04826.JPG,21.37833331,4.6,4.647463763
421,DSC04827.JPG,20.47874997,4.6,4.451902167
422,DSC04828.JPG,20.50520831,5.11,4.012760922
423,DSC04829.JPG,19.89666664,5.11,3.893672532
424,DSC04830.JPG,22.75416664,5.15,4.418284784
425,DSC04831.JPG,22.27791664,5.15,4.325809056
426,DSC04832.JPG,20.95499997,4.91,4.267820768
427,DSC04833.JPG,20.50520831,4.91,4.176213505
428,DSC04834.JPG,21.80166664,5.01,4.351630068
429,DSC04835.JPG,21.37833331,5.01,4.267132397
430,DSC04836.JPG,19.07645831,5.08,3.755208329
431,DSC04837.JPG,19.10291664,5.08,3.760416661
432,DSC04838.JPG,22.62187497,5.5,4.113068176
433,DSC04839.JPG,23.17749997,5.5,4.214090904
434,DSC04840.JPG,22.25145831,5.15,4.320671517
435,DSC04842.JPG,21.37833331,5.15,4.151132682
436,DSC04843.JPG,21.88104164,5.39,4.059562456
437,DSC04844.JPG,20.98145831,5.39,3.892663879
438,DSC04845.JPG,21.35187497,4.69,4.552638586
439,DSC04846.JPG,20.42583331,4.69,4.355188339
440,DSC04847.JPG,21.82812497,5.52,3.954370466
441,DSC04848.JPG,21.37833331,5.52,3.872886469
442,DSC04849.JPG,22.7277083,4.95,4.591456222
443,DSC04850.JPG,22.78062497,4.95,4.602146459
444,DSC04851.JPG,19.55270831,5.2,3.760136213
445,DSC04852.JPG,19.55270831,5.2,3.760136213
446,DSC04853.JPG,20.92854164,5.08,4.119791661
447,DSC04854.JPG,20.45229164,5.08,4.026041661
448,DSC04856.JPG,21.82812497,5.26,4.149833644
449,DSC04857.JPG,22.27791664,5.26,4.235345369
450,DSC04858.JPG,23.0452083,5.65,4.078797929
451,DSC04860.JPG,23.07166664,5.65,4.083480821
452,DSC04861.JPG,23.65374997,5.15,4.592961159
453,DSC04862.JPG,22.27791664,5.15,4.325809056
454,DSC04863.JPG,21.85458331,4.76,4.591299015
455,DSC04864.JPG,21.82812497,4.76,4.58574054
456,DSC04865.JPG,20.42583331,5.46,3.740995112
457,DSC04866.JPG,21.82812497,5.46,3.997825086
458,DSC04867.JPG,24.10354164,5.45,4.422668191
459,DSC04868.JPG,22.27791664,5.45,4.087691127
460,DSC04869.JPG,20.92854164,5.24,3.993996496
461,DSC04870.JPG,20.34645831,5.24,3.882911891
462,DSC04871.JPG,21.32541664,4.8,4.442795133
463,DSC04873.JPG,21.37833331,4.8,4.45381944
464,DSC04874.JPG,20.95499997,4.94,4.241902828
465,DSC04875.JPG,20.79624997,4.94,4.2097672
466,DSC04876.JPG,21.27249997,5.05,4.212376232
467,DSC04877.JPG,21.82812497,5.05,4.322400984
468,DSC04879.JPG,20.00249997,4.7,4.255851057
469,DSC04880.JPG,20.47874997,4.7,4.357180845
470,DSC04881.JPG,20.92854164,5.22,4.009299165
471,DSC04882.JPG,21.11374997,5.22,4.044779688
472,DSC04887.JPG,18.67958331,5.35,3.491510899
473,DSC04888.JPG,19.57916664,5.35,3.659657316
474,DSC04889.JPG,22.7277083,5.21,4.36232405
475,DSC04890.JPG,23.6008333,5.21,4.529910422
476,DSC04891.JPG,23.17749997,4.28,5.415303731
477,DSC04892.JPG,22.75416664,4.28,5.316394075
478,DSC04893.JPG,22.70124997,5.2,4.365624994
479,DSC04894.JPG,21.58999997,5.2,4.151923071
480,DSC04895.JPG,21.80166664,4.9,4.449319722
481,DSC04896.JPG,20.90208331,4.9,4.265731288
482,DSC04897.JPG,22.14562497,5.55,3.990202697
483,DSC04898.JPG,22.30437497,5.55,4.018806301
484,DSC04899.JPG,24.1564583,5.1,4.736560451
485,DSC04900.JPG,23.15104164,5.1,4.539419929
486,DSC04901.JPG,22.27791664,5.21,4.275991678
487,DSC04902.JPG,22.83354164,5.21,4.382637551
488,DSC04903.JPG,22.27791664,5.4,4.125540119
489,DSC04904.JPG,21.90749997,5.4,4.056944439
490,DSC04905.JPG,22.27791664,5.18,4.300756108
491,DSC04906.JPG,21.82812497,5.18,4.213923739
492,DSC04907.JPG,20.45229164,5.38,3.801541197
493,DSC04908.JPG,20.87562497,5.38,3.88022769
494,DSC04909.JPG,20.45229164,5.74,3.56311701
495,DSC04910.JPG,20.37291664,5.74,3.549288613
496,DSC04911.JPG,22.7277083,5.39,4.216643469
497,DSC04912.JPG,21.82812497,5.39,4.049744892
498,DSC04913.JPG,20.90208331,4.9,4.265731288
499,DSC04914.JPG,20.92854164,4.9,4.271130947
500,DSC04915.JPG,20.69041664,5.05,4.097112206
501,DSC04916.JPG,20.76979164,5.05,4.112830028
502,DSC04917.JPG,20.92854164,5,4.185708328
503,DSC04918.JPG,20.47874997,5,4.095749994
504,DSC04919.JPG,21.37833331,5.1,4.191830061
505,DSC04920.JPG,21.82812497,5.1,4.280024504
506,DSC04921.JPG,20.90208331,5.42,3.856472935
507,DSC04922.JPG,20.45229164,5.42,3.773485542
508,DSC04923.JPG,21.37833331,5.2,4.111217944
509,DSC04924.JPG,22.27791664,5.2,4.284214738
510,DSC04925.JPG,22.7277083,5.04,4.509465933
511,DSC04926.JPG,22.17208331,5.04,4.399222879
512,DSC04927.JPG,21.37833331,5.14,4.159208815
513,DSC04928.JPG,20.90208331,5.14,4.066553173
514,DSC04929.JPG,22.62187497,4.6,4.917798907
515,DSC04930.JPG,22.27791664,4.6,4.843025357
516,DSC04931.JPG,22.70124997,5.5,4.127499995
517,DSC04932.JPG,23.0452083,5.5,4.190037873
518,DSC04933.JPG,21.77520831,5.11,4.261293211
519,DSC04934.JPG,22.70124997,5.11,4.442514671
520,DSC04935.JPG,21.82812497,4.98,4.383157624
521,DSC04936.JPG,20.90208331,4.98,4.197205484
522,DSC04937.JPG,22.70124997,5.55,4.09031531
523,DSC04938.JPG,22.83354164,5.55,4.114151647
524,DSC04939.JPG,22.75416664,5.5,4.137121207
525,DSC04940.JPG,22.33083331,5.5,4.060151511
526,DSC04941.JPG,20.00249997,5,4.000499994
527,DSC04942.JPG,20.24062497,5,4.048124994
528,DSC04943.JPG,23.62729164,5.29,4.466406737
529,DSC04944.JPG,23.62729164,5.29,4.466406737
530,DSC04945.JPG,23.17749997,5.62,4.124110315
531,DSC04946.JPG,23.49499997,5.62,4.180604977
532,DSC04947.JPG,21.37833331,5.4,3.958950613
533,DSC04948.JPG,20.79624997,5.4,3.851157402
534,DSC04949.JPG,19.47333331,4.71,4.134465671
535,DSC04950.JPG,19.55270831,4.71,4.151318113
536,DSC04951.JPG,21.82812497,5.3,4.118514145
537,DSC04952.JPG,21.80166664,5.3,4.113522008
538,DSC04953.JPG,21.72229164,5.31,4.090827051
539,DSC04954.JPG,22.25145831,5.31,4.190481791
540,DSC04955.JPG,24.5533333,5,4.91066666
541,DSC04956.JPG,24.10354164,5,4.820708328
542,DSC04957.JPG,22.70124997,5.05,4.495297024
543,DSC04958.JPG,21.80166664,5.05,4.317161711
544,DSC04959.JPG,19.87020831,5.3,3.749095908
545,DSC04960.JPG,20.00249997,5.3,3.774056598
546,DSC04961.JPG,22.38374997,5.2,4.304567302
547,DSC04962.JPG,22.70124997,5.2,4.365624994
548,DSC04963.JPG,20.92854164,5.41,3.868491985
549,DSC04964.JPG,22.27791664,5.41,4.117914351
550,DSC04965.JPG,21.24604164,5.35,3.971222736
551,DSC04966.JPG,21.24604164,5.35,3.971222736
552,DSC04967.JPG,18.65312498,4.59,4.063861651
553,DSC04968.JPG,18.65312498,4.59,4.063861651
554,DSC04969.JPG,21.82812497,5.3,4.118514145
555,DSC04970.JPG,21.80166664,5.3,4.113522008
556,DSC04971.JPG,22.27791664,5.48,4.065313255
557,DSC04972.JPG,21.80166664,5.48,3.978406321
558,DSC04973.JPG,20.26708331,5.08,3.989583329
559,DSC04974.JPG,19.47333331,5.08,3.833333329
560,DSC04975.JPG,20.90208331,4.51,4.634608273
561,DSC04976.JPG,21.35187497,4.51,4.734340348
562,DSC04977.JPG,20.90208331,5.05,4.139026398
563,DSC04978.JPG,20.79624997,5.05,4.118069301
564,DSC04979.JPG,20.92854164,5.04,4.152488421
565,DSC04980.JPG,21.72229164,5.04,4.3099785
566,DSC04982.JPG,23.97124997,5.04,4.756200391
567,DSC04983.JPG,23.89187497,5.04,4.740451383
568,DSC04984.JPG,18.52083331,4.98,3.719042833
569,DSC04985.JPG,19.10291664,4.98,3.835927036
570,DSC04986.JPG,22.7277083,4.7,4.835682617
571,DSC04987.JPG,24.05062497,4.7,5.117154249
572,DSC04988.JPG,19.57916664,5.08,3.854166661
573,DSC04989.JPG,20.02895831,5.08,3.942708329
574,DSC04990.JPG,23.2039583,5.85,3.966488598
575,DSC04991.JPG,21.72229164,5.85,3.713212246
576,DSC04992.JPG,21.35187497,5.04,4.236483129
577,DSC04993.JPG,20.90208331,5.04,4.147238752
578,DSC04994.JPG,20.45229164,5.35,3.82285825
579,DSC04995.JPG,20.90208331,5.35,3.90693146
580,DSC04996.JPG,19.12937498,4.98,3.841239956
581,DSC04997.JPG,18.65312498,4.98,3.745607426
582,DSC04998.JPG,21.37833331,5.16,4.143087851
583,DSC04999.JPG,19.57916664,5.16,3.79441214
584,DSC05000.JPG,20.90208331,5.2,4.019631406
585,DSC05001.JPG,21.27249997,5.2,4.090865379
586,DSC05002.JPG,21.35187497,4.85,4.402448447
587,DSC05003.JPG,21.82812497,4.85,4.500644324
588,DSC05004.JPG,21.40479164,4.82,4.440828141
589,DSC05005.JPG,21.80166664,4.82,4.523167353
590,DSC05006.JPG,20.90208331,5.38,3.885145597
591,DSC05007.JPG,18.20333331,5.38,3.383519203
592,DSC05009.JPG,21.80166664,5.23,4.168578707
593,DSC05010.JPG,23.0452083,5.23,4.406349579
594,DSC05011.JPG,21.82812497,4.98,4.383157624
595,DSC05012.JPG,21.88104164,4.98,4.393783462
596,DSC05013.JPG,21.32541664,4.95,4.308164978
597,DSC05014.JPG,21.40479164,4.95,4.324200331
598,DSC05015.JPG,20.95499997,4.9,4.276530606
599,DSC05016.JPG,21.80166664,4.9,4.449319722
600,DSC05017.JPG,20.02895831,5.59,3.582997909
601,DSC05018.JPG,18.97062498,5.59,3.393671732
602,DSC05019.JPG,21.82812497,5.31,4.110757998
603,DSC05020.JPG,20.92854164,5.31,3.941344942
604,DSC05021.JPG,22.30437497,4.96,4.496849792
605,DSC05022.JPG,22.03979164,4.96,4.443506379
606,DSC05023.JPG,21.24604164,5.21,4.077935056
607,DSC05024.JPG,21.40479164,5.21,4.108405305
608,DSC05025.JPG,24.50041664,4.62,5.303120485
609,DSC05026.JPG,23.17749997,4.62,5.016774885
610,DSC05027.JPG,19.42041664,4.71,4.123230709
611,DSC05028.JPG,19.57916664,4.71,4.156935592
612,DSC05029.JPG,22.25145831,5.19,4.287371543
613,DSC05030.JPG,22.75416664,5.19,4.384232493
614,DSC05031.JPG,21.82812497,5.45,4.005160545
615,DSC05032.JPG,22.25145831,5.45,4.082836387
616,DSC05034.JPG,20.45229164,5.47,3.738992987
617,DSC05035.JPG,19.44687498,5.47,3.555187382
618,DSC05036.JPG,20.90208331,4.7,4.447251768
619,DSC05037.JPG,20.90208331,4.7,4.447251768
620,DSC05038.JPG,21.82812497,5.13,4.254995121
621,DSC05039.JPG,20.45229164,5.13,3.986801489
622,DSC05040.JPG,21.85458331,5.3,4.123506285
623,DSC05041.JPG,22.14562497,5.3,4.178419806
624,DSC05042.JPG,25.00312497,5,5.000624994
625,DSC05043.JPG,25.39999997,5,5.079999994
626,DSC05044.JPG,21.37833331,5.06,4.224967057
627,DSC05045.JPG,20.92854164,5.06,4.136075423
628,DSC05046.JPG,22.9658333,5.13,4.476770624
629,DSC05047.JPG,23.2039583,5.13,4.523188752
630,DSC05048.JPG,20.02895831,5.22,3.836965193
631,DSC05049.JPG,21.24604164,5.22,4.07012292
632,DSC05050.JPG,21.37833331,5.6,3.81755952
633,DSC05051.JPG,21.80166664,5.6,3.893154757
634,DSC05052.JPG,21.82812497,4.94,4.418648779
635,DSC05053.JPG,20.24062497,4.94,4.097292504
636,DSC05054.JPG,19.47333331,4.99,3.902471605
637,DSC05055.JPG,20.42583331,4.99,4.093353369
638,DSC05056.JPG,21.24604164,4.6,4.618704704
639,DSC05057.JPG,22.25145831,4.6,4.837273546
640,DSC05058.JPG,21.80166664,5.3,4.113522008
641,DSC05059.JPG,21.37833331,5.3,4.033647794
642,DSC05060.JPG,20.92854164,5.05,4.144265671
643,DSC05061.JPG,21.16666664,5.05,4.191419137
644,DSC05062.JPG,21.37833331,4.92,4.345189697
645,DSC05063.JPG,21.37833331,4.92,4.345189697
646,DSC05064.JPG,21.35187497,5.31,4.021068733
647,DSC05065.JPG,21.24604164,5.31,4.001137785
648,DSC05066.JPG,21.82812497,4.78,4.566553341
649,DSC05067.JPG,21.32541664,4.78,4.461384234
650,DSC05068.JPG,22.30437497,5.12,4.356323236
651,DSC05069.JPG,21.35187497,5.12,4.17028808
652,DSC05070.JPG,21.35187497,4.71,4.533306788
653,DSC05071.JPG,21.35187497,4.71,4.533306788
654,DSC05072.JPG,21.29895831,5.2,4.095953521
655,DSC05073.JPG,21.80166664,5.2,4.1926282
656,DSC05074.JPG,22.27791664,5.15,4.325809056
657,DSC05075.JPG,22.27791664,5.15,4.325809056
658,DSC05076.JPG,21.82812497,5.05,4.322400984
659,DSC05077.JPG,20.92854164,5.05,4.144265671
660,DSC05078.JPG,21.72229164,5.15,4.217920707
661,DSC05079.JPG,22.27791664,5.15,4.325809056
662,DSC05080.JPG,22.5689583,5,4.51379166
663,DSC05081.JPG,22.7277083,5,4.54554166
664,DSC05082.JPG,20.69041664,5.4,3.831558637
665,DSC05083.JPG,20.02895831,5.4,3.709066354
666,DSC05084.JPG,22.06624997,5.18,4.259893817
667,DSC05085.JPG,21.37833331,5.18,4.127091373
