S.No.,Cocoon Weight (gm),Cocoon length(cm),mean width(cm),Cross sectional Area (cm2),Cocoon Volume (cm3),Shell Weight (gm),Category
1,9.35,5.01,3.01,22.14,24.7,1.45,Daba RC II
2,2.87,5,3.01,22.16,25.3,1.17,Daba RC III
3,8.44,5.02,3.01,22.22,25.8,1.33,Daba RC II
4,12.87,5.16,3.03,22.79,31.4,1.77,Daba RC I
5,11.28,5,3.13,23.29,29,1.44,Daba RC II
6,3.13,5.12,2.95,21.94,25,1.29,Daba RC II
7,12.48,5.2,3.08,23.41,30.3,1.38,Daba RC II
8,8.76,5,3.04,22.41,28.1,1.43,Daba RC II
9,12.62,5.55,3.4,27.94,36,2.04,Daba RC I
10,10.79,5,3.02,22.26,26.1,2.04,Daba RC I
11,13.28,5.75,3.23,26.76,37.5,2.03,Daba RC I
12,9.53,5.1,3.02,22.51,26.1,1.5,Daba RC II
13,11.07,5.48,3.48,28.58,34,2.11,Daba RC I
14,12.63,5.4,3.26,25.95,32.6,1.76,Daba RC I
15,11.85,5.95,3.38,29.08,37.5,1.97,Daba RC I
16,12.74,5.18,3.16,24.21,29,1.53,Daba RC II
17,9.77,4.8,2.89,20.43,23.2,1.78,Daba RC I
18,9.07,4.82,2.9,20.53,23,1.28,Daba RC II
19,7.52,4.52,2.85,19.21,21,1.07,Daba RC III
20,4.03,5.12,3.17,24.07,31,1.76,Daba RC I
21,3.12,4.8,3.09,22.28,23.3,1.14,Daba RC III
22,9.86,4.9,2.97,21.48,26.5,1.54,Daba RC II
23,8.92,4.58,2.92,20.02,22.4,1.42,Daba RC II
24,10.57,4.89,3.1,22.7,28.2,1.16,Daba RC III
25,10.35,5.14,2.95,21.99,27.2,1.68,Daba RC I
26,4.09,4.7,3.13,22.35,24.8,1.34,Daba RC II
27,12.76,5.3,3.22,25.21,31.4,1.73,Daba RC I
28,11.88,4.89,3.07,22.41,28.1,1.47,Daba RC II
29,11.54,5.09,3.18,24.12,31.3,1.35,Daba RC II
30,13,5.21,3.36,26.37,33.3,1.47,Daba RC II
31,13.87,5.6,3.38,27.9,37.9,2.15,Daba RC I
32,11.2,5.71,3.37,28.1,34.6,1.44,Daba RC II
33,9.38,5.05,3.04,22.61,30.9,1.48,Daba RC II
34,8.55,4.98,3.26,24.58,28.7,1.2,Daba RC III
35,13.52,5.32,3.28,25.84,31.7,1.52,Daba RC II
36,12.85,5.22,3.38,26.61,32.9,1.91,Daba RC I
37,9.88,4.98,2.99,21.91,26.1,1.66,Daba RC I
38,12.21,5.42,3.29,26.28,27.5,1.34,Daba RC II
39,8.55,4.68,2.96,20.68,19.6,0.8,Other
40,14.28,5.28,3.15,24.37,31.2,1.6,Daba RC I
41,11.57,4.9,3.17,23.37,28.6,1.43,Daba RC II
42,13.38,4.9,3.27,24.42,32.5,1.83,Daba RC I
43,4.7,5.2,3.21,24.78,28.8,2.16,Daba RC Super
44,7.97,4.65,3,20.97,23.1,1.13,Daba RC III
45,8.81,5.3,3.12,24.13,30.5,1.3,Daba RC II
46,12.32,5.54,3.76,31.93,33.6,1.85,Daba RC I
47,13.39,5.33,3.21,25.15,32.8,1.82,Daba RC I
48,13.03,5.6,3.25,26.49,37.9,2.01,Daba RC I
49,15.67,5.88,3.51,30.31,44.5,2.38,Daba RC Super
50,11.46,5,3.15,23.49,28.6,1.48,Daba RC II
51,8.65,4.92,2.99,21.73,24.7,1.32,Daba RC II
52,9.49,4.62,3.06,21.44,24.5,1.74,Daba RC I
53,10.36,5.1,3.11,23.45,28.9,1.65,Daba RC I
54,11.61,5.15,3.37,26.27,35.1,1.99,Daba RC I
55,13.14,5.25,3.19,24.68,32.8,2,Daba RC I
56,8.81,4.78,2.91,20.56,22.6,1.41,Daba RC II
57,9.73,4.61,3.14,22.17,24.9,1.35,Daba RC II
58,9.78,5,3.15,23.54,24.8,1.61,Daba RC I
59,11.03,5.08,3.03,22.55,28.1,1.31,Daba RC II
60,12.2,5.25,3.43,27.24,34.1,1.75,Daba RC I
61,5.18,5.82,2.98,24.26,23.9,1.57,Daba RC I
62,12.13,5,3.15,23.54,28,1.8,Daba RC I
63,9.45,4.65,3.08,21.77,27.6,1.48,Daba RC II
64,8.68,4.8,2.93,20.8,24,1.46,Daba RC II
65,7.94,5.6,3.3,27.03,37.8,1.86,Daba RC I
66,3.39,4.86,2.89,20.55,26.1,1.71,Daba RC I
67,12.52,5.02,3.17,23.75,30.7,2.22,Daba RC Super
68,7.84,4.85,3.05,22.09,26.7,1,Daba RC III
69,12.72,5.1,3.18,24.16,32.2,1.46,Daba RC II
70,10.99,5.22,3.31,25.83,33.8,1.82,Daba RC I
71,14.62,5.72,3.24,26.72,37,2.34,Daba RC Super
72,10.25,4.98,3,22.01,27.1,1.53,Daba RC II
73,15.3,5.35,3.36,26.84,35.3,2.46,Daba RC Super
74,9.21,4.82,2.96,21.15,25,1.68,Daba RC I
75,14.2,5.45,3.29,26.37,32.6,1.93,Daba RC I
76,8.74,5.04,2.86,20.79,24.3,1.32,Daba RC II
77,12.56,5.05,3.23,24.5,30.8,1.58,Daba RC I
78,15.1,5.65,3.35,27.68,37.6,2.44,Daba RC Super
79,5.89,5.3,3.19,24.84,34.4,1.64,Daba RC I
80,12.42,5.25,3.55,28.48,36.2,1.8,Daba RC I
81,9.97,4.9,3.12,22.93,25.9,1.62,Daba RC I
82,7.27,4.35,2.64,16.91,19.8,0.97,Daba RC III
83,7.84,5.4,3.18,25.06,34,1.5,Daba RC II
84,5.88,4.9,2.74,19.27,21,1.17,Daba RC III
85,9.22,4.98,2.88,20.85,24.8,1.32,Daba RC II
86,11.15,5.2,3.34,26.13,35.1,1.82,Daba RC I
87,11.82,5.25,3.08,23.62,31.6,1.78,Daba RC I
88,11.28,5.24,3.15,24.3,32.7,1.55,Daba RC I
89,9.3,4.98,2.98,21.76,26.6,1.75,Daba RC I
90,8.8,4.95,2.82,20.2,22.7,1.28,Daba RC II
91,10.96,4.8,2.98,21.23,25.8,1.34,Daba RC II
92,10.12,4.97,3.12,23.1,29.2,1.75,Daba RC I
93,4,5.14,2.9,21.51,27.8,1.63,Daba RC I
94,9.5,5,2.71,19.32,22.8,1.56,Daba RC I
95,10.75,5.08,3.05,22.75,28.3,1.42,Daba RC II
96,8.31,4.75,2.74,18.91,22.6,1.25,Daba RC III
97,9.83,4.6,2.85,19.44,23.1,1.44,Daba RC II
98,11.3,4.82,3.06,22.1,27.7,1.33,Daba RC II
99,11,4.93,2.94,21.23,26.1,1.4,Daba RC II
100,7.55,4.9,2.82,20.06,24.3,1.34,Daba RC II
101,6.27,4.65,2.78,18.95,22.2,1.87,Daba RC I
102,8.76,4.62,2.82,19.23,23.3,1.5,Daba RC II
103,8.65,4.75,2.9,20.38,20.8,0.86,Other
104,9.96,5.25,3.09,23.67,29.7,1.66,Daba RC I
105,13.12,5.88,3.17,26.53,33.5,1.7,Daba RC I
106,10.01,4.99,3.03,22.33,26.3,1.75,Daba RC I
107,10.16,4.91,3.09,22.67,23.7,1.16,Daba RC III
108,13.28,5.18,3.35,26.11,32.9,1.92,Daba RC I
109,10.73,5.08,3.04,22.7,30.7,1.41,Daba RC II
110,8.67,4.79,2.91,20.54,24.3,1.35,Daba RC II
111,11.94,5.45,3.07,24.08,30.3,1.48,Daba RC II
112,11.03,5.3,3.16,24.59,34,1.39,Daba RC II
113,11.94,5.38,3.3,26.3,32.1,1.54,Daba RC II
114,12.69,5.31,3.29,25.97,30.6,1.75,Daba RC I
115,10.65,5.38,3.28,26.04,30.2,1.61,Daba RC I
116,10.84,5.15,3.05,23.01,28.3,1.67,Daba RC I
117,12.52,5.41,3.18,25.14,31.1,1.66,Daba RC I
118,13.56,5.41,3.2,25.35,33.6,1.71,Daba RC I
119,11.33,5.22,3.05,23.22,30.1,1.39,Daba RC II
120,10.16,4.91,3.1,22.76,29.1,1.73,Daba RC I
121,14.62,5.85,3.49,29.92,43.4,1.98,Daba RC I
122,11.91,5.18,3.17,24.31,30.3,1.64,Daba RC I
123,12.6,5.42,3.37,27.13,37.2,1.58,Daba RC I
124,9.65,4.88,2.97,21.42,27.7,1.36,Daba RC II
125,10.58,5.09,2.98,22.14,27.2,1.4,Daba RC II
126,11.64,4.91,3.24,24.15,29.4,1.53,Daba RC II
127,10.35,5.2,3.16,24.27,29,1.43,Daba RC II
128,8.26,4.8,2.84,19.92,22.1,1.47,Daba RC II
129,15.92,5.7,3.34,27.74,36.2,2.44,Daba RC Super
130,7.82,5.48,3.21,25.63,34.1,1.96,Daba RC I
131,14.61,5.51,3.23,25.99,31.7,1.88,Daba RC I
132,6.57,4.79,2.75,19.06,23.8,1.31,Daba RC II
133,13.05,5.48,3.24,26,31.6,1.7,Daba RC I
134,11.59,5.21,3.2,24.66,32.7,1.68,Daba RC I
135,8.52,4.78,2.95,20.93,28.1,1.33,Daba RC II
136,8.75,5.18,2.82,20.8,27.4,1.47,Daba RC II
137,10.2,4.69,2.97,20.81,25.6,1.49,Daba RC II
138,13.31,5.21,3.12,23.85,34.7,1.7,Daba RC I
139,12.2,5.31,3.12,24.21,32.1,1.66,Daba RC I
140,8.21,4.68,2.87,19.9,23.9,1.27,Daba RC II
141,12.96,5.02,3.15,23.55,32.1,1.79,Daba RC I
142,11.63,5.11,3.41,26.5,31.7,1.58,Daba RC I
143,10.68,5.02,3.09,23.01,32.6,1.88,Daba RC I
144,10.62,5.1,3,22.32,28.8,1.26,Daba RC II
145,10.83,5.11,3.03,22.64,29.1,1.1,Daba RC III
146,12.14,5.38,3.18,24.99,32.7,1.45,Daba RC II
147,10.43,5.2,2.93,21.93,30.4,1.73,Daba RC I
148,9.97,4.71,3.07,21.86,26.9,1.65,Daba RC I
149,12.07,5.3,3.36,26.67,35.8,1.62,Daba RC I
150,6.97,4.71,2.85,19.75,23.5,0.98,Daba RC III
151,11.63,5.43,3.17,25.05,34.1,1.4,Daba RC II
152,9.07,4.9,3.01,21.81,27.5,1.2,Daba RC III
153,11.65,5.5,3.19,25.48,32.1,1.75,Daba RC I
154,10.85,5.21,2.98,22.5,29,1.76,Daba RC I
155,12.12,5.61,3.14,25.36,35.6,2,Daba RC I
156,12.59,5.24,3.16,24.35,30.2,1.49,Daba RC II
157,7.54,5,3.03,22.36,26.1,1.47,Daba RC II
158,12.07,5.38,3.11,24.27,30.1,1.79,Daba RC I
159,9.03,4.8,2.97,21.13,24,1.54,Daba RC II
160,12.45,5.29,3.28,25.8,31.9,1.6,Daba RC I
161,11.71,5.15,3.21,24.57,31.4,1.48,Daba RC II
162,9.69,4.75,3.09,22.17,27,1.66,Daba RC I
163,9.35,4.84,3.05,22.06,27.7,1.36,Daba RC II
164,12.84,5.44,3.21,25.5,36.3,1.46,Daba RC II
165,8.84,5.19,3.05,23.13,31.1,1.32,Daba RC II
166,11.32,4.99,3.23,24.26,32.1,1.58,Daba RC I
167,9.55,5.02,3.02,22.32,29,1.45,Daba RC II
168,10.95,5.39,3.03,23.54,28.6,1.65,Daba RC I
169,14.2,5.49,3.47,28.45,38.5,2.24,Daba RC Super
170,13.64,5.11,3.16,23.99,30.8,2.02,Daba RC I
171,8.54,4.82,2.98,21.29,23.6,1.2,Daba RC III
172,15.49,5.41,3.35,26.93,35.9,2,Daba RC I
173,11,5.18,2.97,22.31,28.4,1.22,Daba RC III
174,10,5,3.01,22.16,30.7,1.66,Daba RC I
175,13.71,5.6,3.21,26.01,35.1,1.68,Daba RC I
176,10.93,5.21,3.01,22.74,26.5,1.34,Daba RC II
177,12.38,5.31,3.27,25.76,35.3,1.73,Daba RC I
178,9.6,4.81,2.88,20.36,23.7,1.39,Daba RC II
179,8.31,4.85,3.08,22.34,27,1.46,Daba RC II
180,11.32,5.31,3.22,25.24,30.2,1.79,Daba RC I
181,14.11,5.7,3.39,28.29,41.6,1.96,Daba RC I
182,10.24,5.1,2.9,21.34,29.6,1.4,Daba RC II
183,8.13,4.41,2.76,18.15,21.7,1.13,Daba RC III
184,11.88,5.25,3.35,26.4,33.9,1.35,Daba RC II
185,10.21,5.21,3.17,24.35,30.5,1.35,Daba RC II
186,11.39,4.95,3.24,24.23,30,1.94,Daba RC I
187,8.62,4.51,2.85,19.23,22.8,1.15,Daba RC III
188,12.22,5.22,3.05,23.22,29.7,1.51,Daba RC II
189,14.05,5.45,3.24,25.85,35.2,1.94,Daba RC I
190,12.38,5.38,3.21,25.36,34.5,1.86,Daba RC I
191,13.9,5.8,3.18,26.33,42.1,2.13,Daba RC I
192,10.6,4.8,3.11,22.52,28.3,1.37,Daba RC II
193,11.86,5.31,3.17,24.67,32.9,1.55,Daba RC I
194,11.7,5.11,3.13,23.68,29.1,1.55,Daba RC I
195,13,5.3,3.15,24.48,33.6,1.9,Daba RC I
196,8.45,4.99,2.87,20.79,23.4,1.21,Daba RC III
197,11.61,5.3,2.98,22.77,28.1,1.72,Daba RC I
198,8.84,4.8,2.88,20.34,22.9,1.26,Daba RC II
199,8.16,4.9,2.87,20.48,24.8,1.77,Daba RC I
200,13.96,5.88,3.36,28.56,41,1.96,Daba RC I
201,12.25,5.35,3.1,24.08,31,1.66,Daba RC I
202,8.14,4.49,2.72,17.98,21.3,1.26,Daba RC II
203,14.02,5.45,3.18,25.22,32.9,1.52,Daba RC II
204,15.33,5.6,3.29,26.92,39,2.45,Daba RC Super
205,13.09,5.2,3.12,23.87,31.7,1.88,Daba RC I
206,9.99,4.8,3,21.42,26.2,1.81,Daba RC I
207,9.16,4.92,3.1,22.75,25.3,1.27,Daba RC II
208,11.76,5.01,3.07,22.73,29,1.63,Daba RC I
209,10.19,5.18,2.9,21.62,24.8,1.75,Daba RC I
210,10.34,5.41,3.14,24.68,33.7,1.65,Daba RC I
211,12.39,5.6,3.14,25.32,34.6,2.25,Daba RC Super
212,12.15,5.11,3.05,22.89,32.1,1.37,Daba RC II
213,11.61,5,3.12,23.24,30.4,1.45,Daba RC II
214,9.19,5.43,3.22,25.57,35.5,1.62,Daba RC I
215,9.27,4.6,2.94,20.26,25,1.48,Daba RC II
216,10.2,5.09,3.13,23.62,30,1.63,Daba RC I
217,9.4,4.86,3,21.6,26.9,1.81,Daba RC I
218,6.84,5.15,3.01,22.56,29.6,1.3,Daba RC II
219,10.63,5.05,3.3,25.21,30.5,1.92,Daba RC I
220,8.8,5.06,3.04,22.59,27.3,1.38,Daba RC II
221,11.41,5.21,3.19,24.61,32.6,1.62,Daba RC I
222,12.43,5.31,3.26,25.6,33.6,1.61,Daba RC I
223,12.5,5.41,3.09,24.21,31.8,1.58,Daba RC I
224,10.19,5.08,3.12,23.44,29.2,1.13,Daba RC III
225,10.06,5.31,3.25,25.55,33.3,1.41,Daba RC II
226,14.64,5.38,3.24,25.62,33.7,1.73,Daba RC I
227,9.96,5.28,2.97,22.61,26.8,1.49,Daba RC II
228,9.11,4.76,2.95,20.87,25.2,1.31,Daba RC II
229,9.89,4.9,2.94,21.19,24,1.36,Daba RC II
230,11.51,5.4,3.18,25.11,32,1.74,Daba RC I
231,10.56,5.2,3.13,23.92,28,1.35,Daba RC II
232,9.4,5.15,3.04,22.86,26.6,1.67,Daba RC I
233,11.52,5.38,3.15,24.74,30.2,1.5,Daba RC II
234,11.42,5.38,3.21,25.31,29.8,1.53,Daba RC II
235,10.74,4.85,3.11,22.68,26.7,1.35,Daba RC II
236,9.63,5.1,2.97,22.02,26.1,1.16,Daba RC III
237,9.87,4.86,3.31,24.69,29.8,1.68,Daba RC I
238,9.32,4.69,2.9,20.16,24.1,1.26,Daba RC II
239,9.85,5.12,3.06,23.02,30.2,1.09,Daba RC III
240,7.75,5.4,3.2,25.32,32.9,1.43,Daba RC II
241,12.57,5.25,3.19,24.74,29.7,1.66,Daba RC I
242,13.29,5.4,3.26,25.95,33.9,1.9,Daba RC I
243,12.61,5.36,3.21,25.29,31.4,1.84,Daba RC I
244,11.63,5.21,3.15,24.15,28.8,1.65,Daba RC I
245,10.69,5.05,3.13,23.5,31.3,1.63,Daba RC I
246,10.39,4.82,3.2,23.41,27.2,1.37,Daba RC II
247,10.54,4.8,3.09,22.28,26.1,1.63,Daba RC I
248,12.99,5.91,3.4,29.11,39.2,2.04,Daba RC I
249,11.53,5.75,3.32,27.74,38.8,1.92,Daba RC I
250,14.95,5.57,3.35,27.42,36.2,2.16,Daba RC Super
251,11.53,5.1,3.12,23.55,27.8,1.6,Daba RC I
252,11.71,3.75,3.31,20.97,29.1,1.86,Daba RC I
253,9.14,5.14,2.91,21.6,23.8,1.42,Daba RC II
254,13.56,5.31,3.32,26.28,33.5,2.15,Daba RC I
255,9.96,5,2.99,21.97,26.8,1.53,Daba RC II
256,11.97,5.23,3.05,23.25,30.2,1.41,Daba RC II
257,13.4,5.31,3.21,25.08,34.1,1.58,Daba RC I
258,11.9,4.95,3,21.92,28.4,1.43,Daba RC II
259,11.99,5.21,3.4,26.79,36.2,1.87,Daba RC I
260,9.39,4.91,2.93,21.13,26.7,1.65,Daba RC I
261,8.57,4.75,3.05,21.79,26.4,1.02,Daba RC III
262,11.35,4.95,3.11,22.94,30.4,1.39,Daba RC II
263,10.03,4.52,2.9,19.71,23.2,1.53,Daba RC II
264,11.58,5,3,22.07,27.1,1.58,Daba RC I
265,12.32,5.88,3.11,25.83,31.5,1.72,Daba RC I
266,13.19,5.3,3.27,25.67,33.5,1.71,Daba RC I
267,12.98,5.58,3.32,27.18,37.4,1.93,Daba RC I
268,8.7,4.79,2.95,20.96,24.7,1.34,Daba RC II
269,12.09,5.25,3.14,24.17,28.5,1.3,Daba RC II
270,9.47,5.28,3.14,24.27,31.1,1.63,Daba RC I
271,9.04,4.84,3.2,23.48,28.5,1.49,Daba RC II
272,14.16,5.4,3.41,27.49,34.2,2.03,Daba RC I
273,11.86,5.41,3.04,23.7,31.9,1.54,Daba RC II
274,12.9,5.28,3.18,24.73,33.2,1.69,Daba RC I
275,11.19,5.32,3.04,23.43,30,1.55,Daba RC I
276,11.74,5.24,3.06,23.38,28.2,1.52,Daba RC II
277,11.51,5.14,3.18,24.28,30.7,1.85,Daba RC I
278,10.56,5.31,3.02,23.15,26.4,1.62,Daba RC I
279,9.31,4.95,3.16,23.48,29.3,1.63,Daba RC I
280,13.46,5.3,3.46,27.68,39.2,1.77,Daba RC I
281,12.88,5.6,3.28,26.81,37,1.92,Daba RC I
282,11.36,5.4,3.21,25.42,34.5,1.55,Daba RC I
283,5.29,5.21,3.21,24.76,33.5,1.63,Daba RC I
284,9.94,4.98,2.98,21.81,29.8,1.34,Daba RC II
285,12.61,5.4,3.22,25.53,33.5,1.44,Daba RC II
286,13.38,5.52,3.33,27.03,39.8,1.92,Daba RC I
287,9.62,5.14,3.04,22.88,30.7,1.34,Daba RC II
288,10.66,4.88,3.15,23.16,30,1.55,Daba RC I
289,12.18,5.21,3.18,24.51,31.7,1.56,Daba RC I
290,13.14,5.61,3.34,27.49,34.9,1.86,Daba RC I
291,9.33,5.35,3.12,24.33,28.8,1.53,Daba RC II
292,11.88,5.46,3.22,25.67,31.9,1.81,Daba RC I
293,12.05,5.49,3.09,24.41,31,1.66,Daba RC I
294,8.4,4.77,2.93,20.67,22.5,1.52,Daba RC II
295,11.63,5.22,2.99,22.58,28.2,1.18,Daba RC III
296,13.76,5.5,3.2,25.59,34.8,1.88,Daba RC I
297,8.8,4.72,2.84,19.69,23.9,1.25,Daba RC III
298,11.3,5.28,3.08,23.71,30.2,1.36,Daba RC II
299,12.69,5.83,3.29,27.68,37.3,1.64,Daba RC I
300,10.34,5,3.06,22.6,26.7,1.68,Daba RC I
301,9.23,5.1,2.99,22.22,26.8,1.72,Daba RC I
302,10.83,4.88,3.08,22.48,26,0.98,Daba RC III
303,11.7,5.22,3.06,23.32,28.8,1.46,Daba RC II
304,12.31,5.31,3.12,24.21,31.1,1.57,Daba RC I
305,8.78,4.84,2.83,19.94,22.6,1.66,Daba RC I
306,11.7,4.91,2.98,21.6,26.4,1.41,Daba RC II
307,11.98,5.3,3.23,25.31,32.2,2.24,Daba RC Super
308,11.9,5.38,3.08,24.02,30.1,1.63,Daba RC I
309,10.96,5.36,3.4,27.25,35.3,1.7,Daba RC I
310,13.48,5.39,3.17,24.97,32.7,1.74,Daba RC I
311,12.95,5.39,3.37,27.03,36.9,1.66,Daba RC I
312,13.9,5.25,3.12,23.97,31.2,1.8,Daba RC I
313,8.58,4.89,2.93,21.07,25.9,1.4,Daba RC II
314,7.03,4.6,2.74,18.45,21.3,0.79,Other
315,10.1,5.11,3,22.35,29.1,1.3,Daba RC II
316,7.9,5.15,2.97,22.22,27.8,1.73,Daba RC I
317,9.17,4.91,3.08,22.52,27.1,1.51,Daba RC II
318,10.28,5.01,3.01,22.19,26.4,1.14,Daba RC III
319,9.68,5.08,3.13,23.54,29.2,1.5,Daba RC II
320,13.84,5.5,3.29,26.59,36.5,2.06,Daba RC I
321,11.41,5.15,3.06,23.06,30.3,1.71,Daba RC I
322,11.27,5.39,3.21,25.34,30.2,1.46,Daba RC II
323,8.44,4.69,2.8,19.29,23,1.25,Daba RC III
324,9.5,5.52,3.29,26.66,34.9,1.87,Daba RC I
325,11.78,4.95,3.15,23.38,29.3,1.83,Daba RC I
326,12.27,5.2,3.14,24.02,32.1,1.58,Daba RC I
327,10.32,5.08,3.09,23.14,29.3,1.79,Daba RC I
328,10.49,5.26,3.25,25.39,32.3,1.71,Daba RC I
329,13.35,5.65,3.31,27.25,37.1,1.93,Daba RC I
330,9.89,5.15,3.01,22.61,22.3,1.02,Daba RC III
331,8.21,4.76,3.02,21.53,24.8,1.22,Daba RC III
332,12.39,5.46,3.2,25.46,33.9,1.68,Daba RC I
333,13.6,5.45,3.38,27.34,36.5,1.92,Daba RC I
334,12.28,5.24,3.28,25.58,32.8,1.94,Daba RC I
335,10.12,4.8,3.1,22.38,27.4,1.2,Daba RC III
336,11.62,4.94,3.17,23.55,28.2,1.38,Daba RC II
337,13.49,5.05,3.38,25.99,35.2,2.01,Daba RC I
338,9.34,4.7,2.96,20.74,25.6,1.43,Daba RC II
339,12.54,5.22,3.15,24.23,30.8,1.4,Daba RC II
340,11.36,5.35,3.11,24.23,29.7,1.82,Daba RC I
341,11.38,5.21,3.16,24.3,33.4,1.59,Daba RC I
342,9.16,4.28,2.92,19.19,27.5,1.55,Daba RC I
343,10.96,5.2,3.09,23.56,29.9,1.84,Daba RC I
344,8.94,4.9,2.84,20.2,25.2,1.43,Daba RC II
345,13.64,5.55,3.16,25.38,36.4,2.03,Daba RC I
346,10.73,5.1,3.29,25.22,31.4,1.47,Daba RC II
347,12.25,5.21,3.18,24.51,31.4,1.48,Daba RC II
348,13.77,5.4,3.12,24.49,33.2,1.98,Daba RC I
349,11.61,5.18,3.23,24.87,31.2,1.44,Daba RC II
350,8.83,5.38,3.36,26.94,35.4,1.83,Daba RC I
351,13.5,5.74,3.23,26.68,38.4,1.82,Daba RC I
352,13.79,5.39,3.23,25.55,34.4,1.78,Daba RC I
353,9.97,4.9,3.17,23.37,28.9,1.52,Daba RC II
354,10.4,5.05,3.05,22.66,28.6,1.39,Daba RC II
355,11.8,5,2.98,21.82,27.6,1.95,Daba RC I
356,11.41,5.1,3.12,23.55,33.2,1.98,Daba RC I
357,10.7,5.42,2.99,23.17,32.5,1.37,Daba RC II
358,11.01,5.2,3.08,23.41,29.5,1.5,Daba RC II
359,9.39,5.04,2.9,21.17,26.7,1.69,Daba RC I
360,11.79,5.14,3.11,23.58,30.3,1.45,Daba RC II
361,8.49,4.6,2.93,20.22,24.2,1.29,Daba RC II
362,12.41,5.5,3.14,24.96,30.2,1.81,Daba RC I
363,10.66,5.11,3.29,25.31,31.2,2.03,Daba RC I
364,9.91,4.98,2.96,21.62,28.2,1.61,Daba RC I
365,14.02,5.55,3.41,28,34.8,1.71,Daba RC I
366,11.78,5.5,3.28,26.49,32.3,1.55,Daba RC I
367,11.53,5,3.18,23.84,30.7,1.45,Daba RC II
368,11.49,5.29,3.1,23.94,30.7,1.43,Daba RC II
369,13.22,5.62,3.29,26.99,36.7,1.92,Daba RC I
370,13.85,5.4,3.29,26.26,34.1,1.8,Daba RC I
371,9.73,4.71,2.89,20.17,22,1.06,Daba RC III
372,12.83,5.3,3.35,26.56,33.5,1.63,Daba RC I
373,12.41,5.31,3.3,26.02,32.8,1.68,Daba RC I
374,10.14,5,2.94,21.44,26.9,1.74,Daba RC I
375,9.25,5.05,2.82,20.48,23.6,1.59,Daba RC I
376,11.48,5.3,3.12,24.18,30.2,1.59,Daba RC I
377,10.96,5.2,3.1,23.66,27.6,1.33,Daba RC II
378,14.69,5.41,3.43,27.79,37.4,2.12,Daba RC I
379,11.96,5.35,3.19,25,30.3,1.35,Daba RC II
380,8.12,4.59,2.83,19.23,22.3,1.1,Daba RC III
381,11.96,5.3,3.18,24.74,32.6,1.61,Daba RC I
382,10.4,5.48,3.12,24.74,29.1,1.73,Daba RC I
383,11.23,5.08,3.17,23.99,29.6,1.41,Daba RC II
384,9.11,4.51,2.78,18.6,20.6,1.44,Daba RC II
385,11.09,5.05,3.1,23.2,30.6,1.38,Daba RC II
386,11.45,5.04,3.18,23.92,29.9,1.4,Daba RC II
387,10.84,5.04,3.03,22.48,19.1,1.12,Daba RC III
388,9.82,4.98,3.08,22.79,28.1,1.58,Daba RC I
389,11.43,4.7,3.07,21.78,24.5,1.44,Daba RC II
390,12.04,5.08,3.13,23.59,28.2,1.78,Daba RC I
391,15.38,5.85,3.5,30.03,43.1,2.26,Daba RC Super
392,9.25,5.04,2.71,19.38,21.8,1.15,Daba RC III
393,13.13,5.35,3.37,26.89,34.9,1.8,Daba RC I
394,9.88,4.98,2.97,21.72,24.3,1.45,Daba RC II
395,12.08,5.16,3.24,24.91,27.6,1.66,Daba RC I
396,11.02,5.2,3.16,24.22,30.3,1.73,Daba RC I
397,7.21,4.85,3,21.62,24.2,1.02,Daba RC III
398,8.28,4.82,2.81,19.74,20.5,1.07,Daba RC III
399,11.73,5.38,3.28,26.09,26.2,1.24,Daba RC III
400,8.38,5.23,3.1,23.76,30.2,1.86,Daba RC I
401,10.25,4.98,3.15,23.48,26.5,1.19,Daba RC III
402,10.76,4.95,3.15,23.33,29.3,1.5,Daba RC II
403,9.35,4.9,3.11,22.78,23,1.46,Daba RC II
404,13.62,5.59,3.19,25.77,34.1,1.77,Daba RC I
405,11.57,5.31,3.4,27.08,31.5,1.32,Daba RC II
406,8.91,4.96,3.03,22.24,25.2,1.2,Daba RC III
407,13.02,5.21,3.08,23.44,24.8,1.46,Daba RC II
408,7.97,4.62,2.83,19.32,22.4,1.24,Daba RC III
409,10.28,4.71,3.06,21.76,24,1.59,Daba RC I
410,10.78,5.19,3.15,24.09,30.5,1.33,Daba RC II
411,12.4,5.45,3.18,25.27,30.9,1.45,Daba RC II
412,9.12,5.47,3.39,27.51,37.5,1.8,Daba RC I
413,7.12,4.7,2.74,18.77,22.6,0.96,Daba RC III
414,11.67,5.13,3.01,22.55,30.8,1.15,Daba RC III
415,14.04,5.3,3.18,24.79,30.9,1.79,Daba RC I
416,10.73,5,2.97,21.73,28.6,1.53,Daba RC II
417,10.87,5.06,2.93,21.52,26.1,1.4,Daba RC II
418,11.18,5.13,3.05,22.95,27.9,1.61,Daba RC I
419,12.92,5.22,3.18,24.49,30.7,1.61,Daba RC I
420,1712,5.6,3.5,29.16,41.2,2.4,Daba RC Super
421,10.89,4.94,3.09,22.71,27.1,1.82,Daba RC I
422,10.83,4.99,3.25,24.51,30,2.14,Daba RC I
423,8.67,4.6,2.91,19.99,23.3,1.48,Daba RC II
424,12.38,5.3,3.12,24.13,32,1.69,Daba RC I
425,9.39,5.05,3.13,23.5,26,1.21,Daba RC III
426,10.55,4.92,2.88,20.68,25.8,1.71,Daba RC I
427,11.25,5.31,3.07,23.65,30.7,1.76,Daba RC I
428,8.22,4.78,3.12,22.51,29.5,1.6,Daba RC I
429,10.83,5.12,3.1,23.37,31.3,1.58,Daba RC I
430,8.84,4.71,3.03,21.43,26.8,1.3,Daba RC II
431,11.1,5.2,3.07,23.36,30.7,1.35,Daba RC II
432,10.53,5.15,3.09,23.36,32.5,1.55,Daba RC I
433,10.58,5.05,3.23,24.45,27,1.4,Daba RC II
434,12.71,5.15,3.13,23.76,31.3,1.76,Daba RC I
435,12.08,5,3,22.07,29.9,1.81,Daba RC I
436,12.16,5.4,3.36,27.01,32.5,1.85,Daba RC I
437,9.95,5.18,3.08,23.35,26.7,0.99,Daba RC III
438,11.98,5.22,3.2,24.74,30.9,1.55,Daba RC I
439,12.68,5.39,3.26,25.86,37.5,1.75,Daba RC I
440,11.53,5.25,2.96,22.42,29.6,1.51,Daba RC II
441,10.59,5.3,3.1,23.97,30.9,1.46,Daba RC II
